/*
 Navicat Premium Data Transfer

 Source Server         : localhost_3306
 Source Server Type    : MySQL
 Source Server Version : 50528
 Source Host           : localhost:3306
 Source Schema         : db_ssmbook

 Target Server Type    : MySQL
 Target Server Version : 50528
 File Encoding         : 65001

 Date: 01/09/2023 09:48:12
*/

SET NAMES utf8mb4;
SET FOREIGN_KEY_CHECKS = 0;

-- ----------------------------
-- Table structure for admin
-- ----------------------------
DROP TABLE IF EXISTS `admin`;
CREATE TABLE `admin`  (
  `adminid` varchar(255) CHARACTER SET utf8 COLLATE utf8_general_ci NOT NULL,
  `username` varchar(255) CHARACTER SET utf8 COLLATE utf8_general_ci NULL DEFAULT NULL,
  `password` varchar(255) CHARACTER SET utf8 COLLATE utf8_general_ci NULL DEFAULT NULL,
  `realname` varchar(255) CHARACTER SET utf8 COLLATE utf8_general_ci NULL DEFAULT NULL,
  `contact` varchar(255) CHARACTER SET utf8 COLLATE utf8_general_ci NULL DEFAULT NULL,
  `addtime` varchar(255) CHARACTER SET utf8 COLLATE utf8_general_ci NULL DEFAULT NULL,
  PRIMARY KEY (`adminid`) USING BTREE
) ENGINE = InnoDB CHARACTER SET = utf8 COLLATE = utf8_general_ci ROW_FORMAT = Compact;

-- ----------------------------
-- Records of admin
-- ----------------------------
INSERT INTO `admin` VALUES ('A20190322210709793', 'tom', '123', '汤姆', '13999999999', '2021-02-09');
INSERT INTO `admin` VALUES ('A20190322210754998', 'admin', 'admin', '管理员', '13888888888', '2021-02-08');
INSERT INTO `admin` VALUES ('A20220513161421343', '123', '123', '123', '12312312312', '2022-05-13');

-- ----------------------------
-- Table structure for article
-- ----------------------------
DROP TABLE IF EXISTS `article`;
CREATE TABLE `article`  (
  `articleid` varchar(255) CHARACTER SET utf8 COLLATE utf8_general_ci NOT NULL,
  `title` varchar(255) CHARACTER SET utf8 COLLATE utf8_general_ci NULL DEFAULT NULL,
  `image` varchar(255) CHARACTER SET utf8 COLLATE utf8_general_ci NULL DEFAULT NULL,
  `contents` text CHARACTER SET utf8 COLLATE utf8_general_ci NULL,
  `addtime` varchar(255) CHARACTER SET utf8 COLLATE utf8_general_ci NULL DEFAULT NULL,
  `hits` varchar(255) CHARACTER SET utf8 COLLATE utf8_general_ci NULL DEFAULT NULL,
  PRIMARY KEY (`articleid`) USING BTREE
) ENGINE = InnoDB CHARACTER SET = utf8 COLLATE = utf8_general_ci ROW_FORMAT = Compact;

-- ----------------------------
-- Records of article
-- ----------------------------
INSERT INTO `article` VALUES ('A20220516190806836', '新书来了，spring最新版本', 'upfiles/20220516190742.jpg', '<p>spring最新攻略，好书</p>\r\n', '2022-05-16', '1');
INSERT INTO `article` VALUES ('A20220516190925726', '新到Java基础从入门到精通', 'upfiles/20220516190913.jpg', '<p>新到Java基础从入门到精通</p>\r\n', '2022-05-16', '4');

-- ----------------------------
-- Table structure for book
-- ----------------------------
DROP TABLE IF EXISTS `book`;
CREATE TABLE `book`  (
  `bookid` varchar(255) CHARACTER SET utf8 COLLATE utf8_general_ci NOT NULL,
  `bookname` varchar(255) CHARACTER SET utf8 COLLATE utf8_general_ci NULL DEFAULT NULL,
  `image` varchar(255) CHARACTER SET utf8 COLLATE utf8_general_ci NULL DEFAULT NULL,
  `cateid` varchar(255) CHARACTER SET utf8 COLLATE utf8_general_ci NULL DEFAULT NULL,
  `price` varchar(255) CHARACTER SET utf8 COLLATE utf8_general_ci NULL DEFAULT NULL,
  `recommend` varchar(255) CHARACTER SET utf8 COLLATE utf8_general_ci NULL DEFAULT NULL,
  `hits` varchar(255) CHARACTER SET utf8 COLLATE utf8_general_ci NULL DEFAULT NULL,
  `sellnum` varchar(255) CHARACTER SET utf8 COLLATE utf8_general_ci NULL DEFAULT NULL,
  `contents` text CHARACTER SET utf8 COLLATE utf8_general_ci NULL,
  PRIMARY KEY (`bookid`) USING BTREE
) ENGINE = InnoDB CHARACTER SET = utf8 COLLATE = utf8_general_ci ROW_FORMAT = Compact;

-- ----------------------------
-- Records of book
-- ----------------------------
INSERT INTO `book` VALUES ('F20190119142635305', 'Python实现办公自动化', 'upfiles/20220517113430.jpg', 'C20190119142300664', '68', '是', '4', '1', '<h1>让工作化繁为简：用Python实现办公自动化李杰臣Office软件文秘行政人事营销财务等职业的人士阅读Python编程</h1>\r\n');
INSERT INTO `book` VALUES ('F20190119142950187', 'Java第一行代码', 'upfiles/20220517112542.jpg', 'C20190119142722187', '88', '是', '10', '3', '<h1>Java第一行代码Java从入门到精通零基础自学视频讲解版Java基础入门语言程序设计编程思想教程书籍java高级网络编程思想</h1>\r\n');
INSERT INTO `book` VALUES ('F20190119143007529', 'Spring实战（第4版）', 'upfiles/20220517112431.jpg', 'C20190119142722187', '88', '是', '22', '19', '<p>精通Spring Java Web开发与Spring Boot高级功能mvc cloud微服务架构实战指南 项目开发教程应用程序设计</p>\r\n');
INSERT INTO `book` VALUES ('F20190120171722784', 'Java高并发编程详解', 'upfiles/20220517112204.jpg', 'C20190119142722187', '78', '是', '16', '9', '<h1>Java并发编程实战 java实践教程 java从入门到精通 java编程思想零基础开发 java高级程序设计教程 java并发式编程艺术实操书</h1>\r\n');
INSERT INTO `book` VALUES ('F20190322220037441', '深入理解JAVA虚拟机 ', 'upfiles/20220517111937.jpg', 'C20190119142722187', '49', '是', '79', '3', '<h1>深入理解JAVA虚拟机 JVM高级特性与最佳实践 第3三版 周志明 机工Java开发入门程序设计 计算机正版书籍编程教程 计算机组成原理书</h1>\r\n');
INSERT INTO `book` VALUES ('F20210209115358761', 'Java高级程序设计', 'upfiles/20220517111645.jpg', 'C20190119142722187', '59', '是', '106', '2', '<p>本书以Java的数个高级主题作为核心内容，包括Web编程、数据库编程、类型信息与反射、泛型、注解、序列化、网络编程、多线程等内容。论述了程序设计的原则和规范，最后1章介绍了前面高级技术的综合应用，并提供了采用Servlet/JSP技术的MVC开发框架。\r\n\r\n本书以提升技术的应用能力为重要目标，提供了电子课件（PPT）、示例源代码、MVC框架源代码、部分课后习题的参考答案。\r\n\r\n本书适合作为高等院校软件工程、计算机相关专业的编程能力提升课程的教材，即在Java语言编程基础课程之后，Java应用框架（如Spring框架）课程之前的衔接教材；Java EE课程的教材；亦可作为有编程经验的软件开发人员的参考书。</p>');
INSERT INTO `book` VALUES ('F20220511154120572', 'Java核心技术·卷1：基础知识', 'upfiles/20220517111425.jpg', 'C20190119142722187', '34', '是', '27', '1', '<p>java基础11111</p>\r\n');
INSERT INTO `book` VALUES ('F20220519091023707', '2022考博英语精粹100篇词汇', 'upfiles/20220519091010.jpg', 'C20190119125801744', '12', '是', '1', '0', '<h1>2022考博英语精粹100篇词汇10000例精解全项指导作文万能模板名校精解历年真题博士研究生入学考试用书阅读辅导搭新东方蓝宝书教材</h1>\r\n');
INSERT INTO `book` VALUES ('F20220519091407329', '做孩子最好的英语学习规划师', 'upfiles/20220519091350.jpg', 'C20190119125801744', '39.90', '是', '1', '1', '<h1>做孩子最好的英语学习规划师(中国儿童英语习得全路线图) 英语孩子这样学剑桥少儿英语书籍 剑桥儿童英语辅导书提高孩子英语成绩书</h1>\r\n');
INSERT INTO `book` VALUES ('F20220519091504734', '2023.12四级真题集训 上海交大试卷零基础刷题版 华研外语英语四级含CET4级词汇语法听力阅读翻译作文写作', 'upfiles/20220519091445.jpg', 'C20190119125801744', '80', '是', '2', '0', '<h1>上海交大全国4、6级阅卷组长潘晓燕主编/零基础刷题版！/2000真题词/7大语法点/8套听力/32篇阅读/20篇翻译/20篇写作/4大专项突破</h1>');
INSERT INTO `book` VALUES ('F20220519091558250', 'Python+Excel报表自动化实战', 'upfiles/20220519091545.jpg', 'C20190119142300664', '35', '是', '17', '0', ' <p>Python+500分钟视频教程+数据文件下载;职场办公必读宝典　单册数量100本以上可联系团购电话4006186622\r\n王红明，贾莉莉 著</p>');

-- ----------------------------
-- Table structure for cart
-- ----------------------------
DROP TABLE IF EXISTS `cart`;
CREATE TABLE `cart`  (
  `cartid` varchar(255) CHARACTER SET utf8 COLLATE utf8_general_ci NOT NULL,
  `usersid` varchar(255) CHARACTER SET utf8 COLLATE utf8_general_ci NULL DEFAULT NULL,
  `bookid` varchar(255) CHARACTER SET utf8 COLLATE utf8_general_ci NULL DEFAULT NULL,
  `num` varchar(255) CHARACTER SET utf8 COLLATE utf8_general_ci NULL DEFAULT NULL,
  `price` varchar(255) CHARACTER SET utf8 COLLATE utf8_general_ci NULL DEFAULT NULL,
  PRIMARY KEY (`cartid`) USING BTREE
) ENGINE = InnoDB CHARACTER SET = utf8 COLLATE = utf8_general_ci ROW_FORMAT = Compact;

-- ----------------------------
-- Records of cart
-- ----------------------------

-- ----------------------------
-- Table structure for cate
-- ----------------------------
DROP TABLE IF EXISTS `cate`;
CREATE TABLE `cate`  (
  `cateid` varchar(255) CHARACTER SET utf8 COLLATE utf8_general_ci NOT NULL,
  `catename` varchar(255) CHARACTER SET utf8 COLLATE utf8_general_ci NULL DEFAULT NULL,
  `memo` varchar(255) CHARACTER SET utf8 COLLATE utf8_general_ci NULL DEFAULT NULL,
  `addtime` varchar(255) CHARACTER SET utf8 COLLATE utf8_general_ci NULL DEFAULT NULL,
  PRIMARY KEY (`cateid`) USING BTREE
) ENGINE = InnoDB CHARACTER SET = utf8 COLLATE = utf8_general_ci ROW_FORMAT = Compact;

-- ----------------------------
-- Records of cate
-- ----------------------------
INSERT INTO `cate` VALUES ('C20190119125801744', '英语用书', '英语', '2019-01-19');
INSERT INTO `cate` VALUES ('C20190119142300664', '办公用书', '办公', '2019-01-19');
INSERT INTO `cate` VALUES ('C20190119142722187', '编程用书', '编程', '2019-01-19');

-- ----------------------------
-- Table structure for details
-- ----------------------------
DROP TABLE IF EXISTS `details`;
CREATE TABLE `details`  (
  `detailsid` varchar(255) CHARACTER SET utf8 COLLATE utf8_general_ci NOT NULL,
  `ordercode` varchar(255) CHARACTER SET utf8 COLLATE utf8_general_ci NULL DEFAULT NULL,
  `bookid` varchar(255) CHARACTER SET utf8 COLLATE utf8_general_ci NULL DEFAULT NULL,
  `num` varchar(255) CHARACTER SET utf8 COLLATE utf8_general_ci NULL DEFAULT NULL,
  `price` varchar(255) CHARACTER SET utf8 COLLATE utf8_general_ci NULL DEFAULT NULL,
  `receivername` varchar(255) CHARACTER SET utf8 COLLATE utf8_general_ci NULL DEFAULT NULL,
  `receiverphone` varchar(255) CHARACTER SET utf8 COLLATE utf8_general_ci NULL DEFAULT NULL,
  `address` varchar(255) CHARACTER SET utf8 COLLATE utf8_general_ci NULL DEFAULT NULL,
  PRIMARY KEY (`detailsid`) USING BTREE
) ENGINE = InnoDB CHARACTER SET = utf8 COLLATE = utf8_general_ci ROW_FORMAT = Compact;

-- ----------------------------
-- Records of details
-- ----------------------------
INSERT INTO `details` VALUES ('201901192308024084.6072291612054', 'PD20190119230802', 'F20190119142950187', '1', '88', NULL, NULL, NULL);
INSERT INTO `details` VALUES ('201901192308026799.040738608825', 'PD20190119230802', 'F20190119134347777', '1', '88', NULL, NULL, NULL);
INSERT INTO `details` VALUES ('2019011923095910590.061174614719', 'PD20190119230959', 'F20190119143007529', '3', '88', NULL, NULL, NULL);
INSERT INTO `details` VALUES ('201901201718101916.468307619339', 'PD20190120171810', 'F20190120171722784', '3', '78', NULL, NULL, NULL);
INSERT INTO `details` VALUES ('201901201718318226.940253091894', 'PD20190120171831', 'F20190119143007529', '4', '88', NULL, NULL, NULL);
INSERT INTO `details` VALUES ('2019032022222211738.620384431777', 'PD20190320222222', 'F20190119142341738', '1', '66', NULL, NULL, NULL);
INSERT INTO `details` VALUES ('201903202222225257.760338556417', 'PD20190320222222', 'F20190119142322106', '1', '65', NULL, NULL, NULL);
INSERT INTO `details` VALUES ('2019032218101811115.415714340406', 'PD20190322181018', 'F20190119134409970', '1', '89', NULL, NULL, NULL);
INSERT INTO `details` VALUES ('201903222031123651.5422552591476', 'PD20190322203112', 'F20190119134630771', '2', '89', NULL, NULL, NULL);
INSERT INTO `details` VALUES ('2019032220315410101.541774069434', 'PD20190322203154', 'F20190119142322106', '1', '65', NULL, NULL, NULL);
INSERT INTO `details` VALUES ('201903222031546429.589382972398', 'PD20190322203154', 'F20190119142341738', '1', '66', NULL, NULL, NULL);
INSERT INTO `details` VALUES ('201903222034254175.392911410443', 'PD20190322203425', 'F20190119142705136', '1', '64', NULL, NULL, NULL);
INSERT INTO `details` VALUES ('201903222034257215.791315042904', 'PD20190322203425', 'F20190119142635305', '1', '68', NULL, NULL, NULL);
INSERT INTO `details` VALUES ('2021020913252111553.923188972603', 'PD20210209132521', 'F20210209115358761', '1', '59', NULL, NULL, NULL);
INSERT INTO `details` VALUES ('2021020913272411542.866921844494', 'PD20210209132724', 'F20210209115358761', '1', '59', NULL, NULL, NULL);
INSERT INTO `details` VALUES ('202102091327245050.488366290692', 'PD20210209132724', 'F20190322220037441', '1', '49', NULL, NULL, NULL);
INSERT INTO `details` VALUES ('202205101457471862.642241684487', 'PD20220510145747', 'F20190322220037441', '1', '49', NULL, NULL, NULL);
INSERT INTO `details` VALUES ('202205101821209306.56351909816', 'PD20220510182120', 'F20190120171722784', '1', '78', NULL, NULL, NULL);
INSERT INTO `details` VALUES ('202205112011308580.294386502239', 'PD20220511201130', 'F20190322220037441', '1', '49', NULL, NULL, NULL);
INSERT INTO `details` VALUES ('202205112011308832.57249251447', 'PD20220511201130', 'F20190120171722784', '1', '78', NULL, NULL, NULL);
INSERT INTO `details` VALUES ('202205131550011205.5039152318025', 'PD20220513155001', 'F20190119143007529', '1', '88', '张三', '18786766656', '上海');
INSERT INTO `details` VALUES ('202205131550011480.6841887315054', 'PD20220513155001', 'F20190119142402162', '1', '80', '张三', '18786766656', '上海');
INSERT INTO `details` VALUES ('202205131550019292.103573762037', 'PD20220513155001', 'F20190119142341738', '1', '66', '张三', '18786766656', '上海');
INSERT INTO `details` VALUES ('202205131553331560.832566153111', 'PD20220513155333', 'F20190119142950187', '1', '88', '张三', '18786766656', '上海');
INSERT INTO `details` VALUES ('202205131554004483.849759037232', 'PD20220513155400', 'F20190119142932172', '1', '85', '张三', '18786766656', '上海');
INSERT INTO `details` VALUES ('202205131554009558.269163637806', 'PD20220513155400', 'F20190119142554782', '1', '54', '张三', '18786766656', '上海');
INSERT INTO `details` VALUES ('2022051316032711772.739139921767', 'PD20220513160327', 'F20190119143007529', '1', '88', '张三', '18786766656', '上海');
INSERT INTO `details` VALUES ('202205131610465074.593847600302', 'PD20220513161046', 'F20190119134630771', '1', '89', '张三', '18786766656', '上海');
INSERT INTO `details` VALUES ('2022051610271410385.15086746197', 'PD20220516102714', 'F20190120171722784', '1', '78', '张三', '18786766656', '北京');
INSERT INTO `details` VALUES ('2022051615295410054.242085642867', 'PD20220516152954', 'F20190120171722784', '1', '78', '张三', '18786766656', '北京');
INSERT INTO `details` VALUES ('202205161529543229.9488229195786', 'PD20220516152954', 'F20190120171722784', '1', '78', '张三', '18786766656', '北京');
INSERT INTO `details` VALUES ('202205161529543483.4523080143554', 'PD20220516152954', 'F20190119143007529', '1', '88', '张三', '18786766656', '北京');
INSERT INTO `details` VALUES ('202205161529546281.602675019145', 'PD20220516152954', 'F20190119143007529', '1', '88', '张三', '18786766656', '北京');
INSERT INTO `details` VALUES ('202205161535432982.6363349760445', 'PD20220516153543', 'F20190119143007529', '1', '88', '张三', '18786766656', '上海');
INSERT INTO `details` VALUES ('202205161543463565.263878975983', 'PD20220516154346', 'F20190119143007529', '1', '88', '发送', '123', '234');
INSERT INTO `details` VALUES ('202205161543468667.987959659153', 'PD20220516154346', 'F20190119134409970', '1', '89', '发送', '123', '234');
INSERT INTO `details` VALUES ('202205161551584557.3844112297975', 'PD20220516155158', 'F20190119143007529', '1', '88', '张三', '18786766656', '上海');
INSERT INTO `details` VALUES ('202205161553549516.242304224694', 'PD20220516155354', 'F20190119143007529', '1', '88', '张三', '18786766656', '上海');
INSERT INTO `details` VALUES ('2022051617523010880.030661111477', 'PD20220516175230', 'F20190119143007529', '1', '88', '张三', '18786766656', '上海');
INSERT INTO `details` VALUES ('202205161757166810.391420389033', 'PD20220516175716', 'F20190119143007529', '1', '88', '张三', '18786766656', '上海');
INSERT INTO `details` VALUES ('2022051618010511835.451272432138', 'PD20220516180105', 'F20190119142322106', '1', '65', '张三', '18786766656', '上海');
INSERT INTO `details` VALUES ('202205161813295274.820808473599', 'PD20220516181329', 'F20190119143007529', '1', '88', '张三', '18786766656', '上海');
INSERT INTO `details` VALUES ('202205161847065025.292556570803', 'PD20220516184706', 'F20190119143007529', '1', '88', '张三', '18786766656', '上海');
INSERT INTO `details` VALUES ('202205161859178935.152905575795', 'PD20220516185917', 'F20190119142522863', '1', '65', '张三', '18786766656', '上海');
INSERT INTO `details` VALUES ('2022051619000310569.801194289797', 'PD20220516190003', 'F20190119142950187', '1', '88', '张三', '18786766656', '上海');
INSERT INTO `details` VALUES ('202205161903247575.428452720551', 'PD20220516190324', 'F20190120171722784', '1', '78', '张三', '18786766656', '上海');
INSERT INTO `details` VALUES ('202205180928022738.146562521483', 'PD20220518092802', 'F20220511154120572', '1', '34', '张三', '18786766656', '北京');
INSERT INTO `details` VALUES ('202205190926019966.416807711932', 'PD20220519092601', 'F20220519091407329', '1', '39.90', '张三', '1234567', '北京');

-- ----------------------------
-- Table structure for orders
-- ----------------------------
DROP TABLE IF EXISTS `orders`;
CREATE TABLE `orders`  (
  `ordersid` varchar(255) CHARACTER SET utf8 COLLATE utf8_general_ci NOT NULL,
  `ordercode` varchar(255) CHARACTER SET utf8 COLLATE utf8_general_ci NULL DEFAULT NULL,
  `usersid` varchar(255) CHARACTER SET utf8 COLLATE utf8_general_ci NULL DEFAULT NULL,
  `total` varchar(255) CHARACTER SET utf8 COLLATE utf8_general_ci NULL DEFAULT NULL,
  `status` varchar(255) CHARACTER SET utf8 COLLATE utf8_general_ci NULL DEFAULT NULL,
  `addtime` varchar(255) CHARACTER SET utf8 COLLATE utf8_general_ci NULL DEFAULT NULL,
  PRIMARY KEY (`ordersid`) USING BTREE
) ENGINE = InnoDB CHARACTER SET = utf8 COLLATE = utf8_general_ci ROW_FORMAT = Compact;

-- ----------------------------
-- Records of orders
-- ----------------------------
INSERT INTO `orders` VALUES ('O20190119230802234', 'PD20190119230802', 'U20190119170545761', '176.0', '已付款', '2019-01-19');
INSERT INTO `orders` VALUES ('O20190119230959944', 'PD20190119230959', 'U20190119170545761', '264.0', '未付款', '2019-01-19');
INSERT INTO `orders` VALUES ('O20190120171810937', 'PD20190120171810', 'U20190120171737997', '234.0', '已付款', '2019-01-20');
INSERT INTO `orders` VALUES ('O20190322181018117', 'PD20190322181018', 'U20190119170545761', '89.0', '未付款', '2019-03-22');
INSERT INTO `orders` VALUES ('O20190322203112207', 'PD20190322203112', 'U20190322185600284', '178.0', '已付款', '2019-03-22');
INSERT INTO `orders` VALUES ('O20190322203154320', 'PD20190322203154', 'U20190322185600284', '131.0', '已付款', '2019-03-22');
INSERT INTO `orders` VALUES ('O20190322203425883', 'PD20190322203425', 'U20190322185600284', '132.0', '已付款', '2019-03-22');
INSERT INTO `orders` VALUES ('O20210209132521777', 'PD20210209132521', 'U20190322185600284', '59.0', '已付款', '2021-02-09');
INSERT INTO `orders` VALUES ('O20210209132724832', 'PD20210209132724', 'U20190322185753682', '108.0', '已付款', '2021-02-09');
INSERT INTO `orders` VALUES ('O20220510145747929', 'PD20220510145747', 'U20190322185600284', '49.0', '已付款', '2022-05-10');
INSERT INTO `orders` VALUES ('O20220510182120335', 'PD20220510182120', 'U20190322185600284', '78.0', '已付款', '2022-05-10');
INSERT INTO `orders` VALUES ('O20220511201130822', 'PD20220511201130', 'U20190322185600284', '127.0', '未付款', '2022-05-11');
INSERT INTO `orders` VALUES ('O20220513155001531', 'PD20220513155001', 'U20190322185600284', '234.0', '未付款', '2022-05-13');
INSERT INTO `orders` VALUES ('O20220513155333503', 'PD20220513155333', 'U20190322185600284', '88.0', '未付款', '2022-05-13');
INSERT INTO `orders` VALUES ('O20220513155400931', 'PD20220513155400', 'U20190322185600284', '139.0', '已付款', '2022-05-13');
INSERT INTO `orders` VALUES ('O20220513160327416', 'PD20220513160327', 'U20190322185600284', '88.0', '已付款', '2022-05-13');
INSERT INTO `orders` VALUES ('O20220513161046906', 'PD20220513161046', 'U20190322185600284', '89.0', '未付款', '2022-05-13');
INSERT INTO `orders` VALUES ('O20220516102714159', 'PD20220516102714', 'U20190322185930190', '78.0', '已付款', '2022-05-16');
INSERT INTO `orders` VALUES ('O20220516152954820', 'PD20220516152954', 'U20190322185827513', '332.0', '未付款', '2022-05-16');
INSERT INTO `orders` VALUES ('O20220516153543859', 'PD20220516153543', 'U20190322185753682', '88.0', '已付款', '2022-05-16');
INSERT INTO `orders` VALUES ('O20220516154346737', 'PD20220516154346', 'U20190322185930190', '177.0', '未付款', '2022-05-16');
INSERT INTO `orders` VALUES ('O20220516155158882', 'PD20220516155158', 'U20190322185930190', '88.0', '未付款', '2022-05-16');
INSERT INTO `orders` VALUES ('O20220516155354497', 'PD20220516155354', 'U20190322185930190', '88.0', '未付款', '2022-05-16');
INSERT INTO `orders` VALUES ('O20220516175230283', 'PD20220516175230', 'U20190322185827513', '88.0', '未付款', '2022-05-16');
INSERT INTO `orders` VALUES ('O20220516175716592', 'PD20220516175716', 'U20190322185827513', '88.0', '未付款', '2022-05-16');
INSERT INTO `orders` VALUES ('O20220516180105568', 'PD20220516180105', 'U20190322185930190', '65.0', '未付款', '2022-05-16');
INSERT INTO `orders` VALUES ('O20220516181329128', 'PD20220516181329', 'U20190322185827513', '88.0', '未付款', '2022-05-16');
INSERT INTO `orders` VALUES ('O20220516184706532', 'PD20220516184706', 'U20190322185753682', '88.0', '未付款', '2022-05-16');
INSERT INTO `orders` VALUES ('O20220516185917604', 'PD20220516185917', 'U20190322185930190', '65.0', '未付款', '2022-05-16');
INSERT INTO `orders` VALUES ('O20220516190003740', 'PD20220516190003', 'U20190322185600284', '88.0', '未付款', '2022-05-16');
INSERT INTO `orders` VALUES ('O20220516190324187', 'PD20220516190324', 'U20190322185600284', '78.0', '已付款', '2022-05-16');
INSERT INTO `orders` VALUES ('O20220518092802556', 'PD20220518092802', 'U20190322185827513', '34.0', '已付款', '2022-05-18');
INSERT INTO `orders` VALUES ('O20220519092601422', 'PD20220519092601', 'U20190322185600284', '39.9', '未付款', '2022-05-19');

-- ----------------------------
-- Table structure for topic
-- ----------------------------
DROP TABLE IF EXISTS `topic`;
CREATE TABLE `topic`  (
  `topicid` varchar(255) CHARACTER SET utf8 COLLATE utf8_general_ci NOT NULL,
  `usersid` varchar(255) CHARACTER SET utf8 COLLATE utf8_general_ci NULL DEFAULT NULL,
  `filmid` varchar(255) CHARACTER SET utf8 COLLATE utf8_general_ci NULL DEFAULT NULL,
  `num` varchar(255) CHARACTER SET utf8 COLLATE utf8_general_ci NULL DEFAULT NULL,
  `contents` varchar(255) CHARACTER SET utf8 COLLATE utf8_general_ci NULL DEFAULT NULL,
  `addtime` varchar(255) CHARACTER SET utf8 COLLATE utf8_general_ci NULL DEFAULT NULL,
  PRIMARY KEY (`topicid`) USING BTREE
) ENGINE = InnoDB CHARACTER SET = utf8 COLLATE = utf8_general_ci ROW_FORMAT = Compact;

-- ----------------------------
-- Records of topic
-- ----------------------------
INSERT INTO `topic` VALUES ('T20190119171642389', 'U20190119170545761', 'F20190119134347777', '5', '阿阿斯顿发斯蒂芬', '2019-01-19');
INSERT INTO `topic` VALUES ('T20190120171745583', 'U20190120171737997', 'F20190120171722784', '5', '2222222222', '2019-01-20');
INSERT INTO `topic` VALUES ('T20190120171751576', 'U20190120171737997', 'F20190120171722784', '4', '333333333333333', '2019-01-20');
INSERT INTO `topic` VALUES ('T20210209132359839', 'U20190322185600284', 'F20210209115358761', '5', '期待。。。。。。', '2021-02-09');
INSERT INTO `topic` VALUES ('T20210209132655738', 'U20190322185753682', 'F20190322220037441', '5', '好看，大大的赞啊', '2021-02-09');
INSERT INTO `topic` VALUES ('T20210209132707661', 'U20190322185753682', 'F20210209115358761', '5', '给力，推荐！', '2021-02-09');
INSERT INTO `topic` VALUES ('T20220513161113158', 'U20190322185600284', 'F20220511154120572', '5', '1231', '2022-05-13');
INSERT INTO `topic` VALUES ('T20220513161727633', 'U20190322185600284', 'F20210209115358761', '5', '超给力！', '2022-05-13');

-- ----------------------------
-- Table structure for users
-- ----------------------------
DROP TABLE IF EXISTS `users`;
CREATE TABLE `users`  (
  `usersid` varchar(255) CHARACTER SET utf8 COLLATE utf8_general_ci NOT NULL,
  `username` varchar(255) CHARACTER SET utf8 COLLATE utf8_general_ci NULL DEFAULT NULL,
  `password` varchar(255) CHARACTER SET utf8 COLLATE utf8_general_ci NULL DEFAULT NULL,
  `realname` varchar(255) CHARACTER SET utf8 COLLATE utf8_general_ci NULL DEFAULT NULL,
  `sex` varchar(255) CHARACTER SET utf8 COLLATE utf8_general_ci NULL DEFAULT NULL,
  `birthday` varchar(255) CHARACTER SET utf8 COLLATE utf8_general_ci NULL DEFAULT NULL,
  `contact` varchar(255) CHARACTER SET utf8 COLLATE utf8_general_ci NULL DEFAULT NULL,
  `regdate` varchar(255) CHARACTER SET utf8 COLLATE utf8_general_ci NULL DEFAULT NULL,
  PRIMARY KEY (`usersid`) USING BTREE
) ENGINE = InnoDB CHARACTER SET = utf8 COLLATE = utf8_general_ci ROW_FORMAT = Compact;

-- ----------------------------
-- Records of users
-- ----------------------------
INSERT INTO `users` VALUES ('U20190322185600284', 'zhangsan', '123', '张三', '男', '1997-01-31', '13777777777', '2021-02-09');
INSERT INTO `users` VALUES ('U20190322185753682', 'lisi', '123', '李四', '女', '1998-06-01', '222', '2021-02-09');
INSERT INTO `users` VALUES ('U20190322185827513', 'wangwu', '123', '王五', '男', '1994-12-06', '333', '2021-02-09');
INSERT INTO `users` VALUES ('U20190322185930190', 'zhaoliu', '123', '赵六', '男', '1973-04-05', '444', '2021-02-09');
INSERT INTO `users` VALUES ('U20230831143020941', 'tjz', '123', '田嘉泽', '男', '2002-01-27', '18345642657', '2023-08-31');

SET FOREIGN_KEY_CHECKS = 1;
